"order_id","customer_id","order_status","order_purchase_timestamp","order_approved_at","order_delivered_carrier_date","order_delivered_customer_date","order_estimated_delivery_date","purchase_dt","delivered_carrier_dt","delivered_customer_dt","estimated_delivery_dt","delivery_days","order_year","order_month","order_quarter","is_delivered","is_late"
"00e7ee1b050b8499577073aeb2a297a1","06b8999e2fba1a1fbc88172c00ba8bc7",delivered,"2017-05-16 15:05:35","2017-05-16 15:22:12","2017-05-23 10:47:57","2017-05-25 10:35:35","2017-06-05 00:00:00","2017-05-16 15:05:35","2017-05-23 10:47:57","2017-05-25 10:35:35","2017-06-05 00:00:00",9,2017,5,2,1,0
"29150127e6685892b6eab3eec79f59c7","18955e83d337fd6b2def6b18a428ac77",delivered,"2018-01-12 20:48:24","2018-01-12 20:58:32","2018-01-15 17:14:59","2018-01-29 12:41:19","2018-02-06 00:00:00","2018-01-12 20:48:24","2018-01-15 17:14:59","2018-01-29 12:41:19","2018-02-06 00:00:00",17,2018,1,1,1,0
b2059ed67ce144a36e2aa97d2c9e9ad2,"4e7b3e00288586ebd08712fdd0374a03",delivered,"2018-05-19 16:07:45","2018-05-20 16:19:10","2018-06-11 14:31:00","2018-06-14 17:58:51","2018-06-13 00:00:00","2018-05-19 16:07:45","2018-06-11 14:31:00","2018-06-14 17:58:51","2018-06-13 00:00:00",26,2018,5,2,1,1
"951670f92359f4fe4a63112aa7306eba",b2b6027bc5c5109e529d4dc6358b12c3,delivered,"2018-03-13 16:06:38","2018-03-13 17:29:19","2018-03-27 23:22:42","2018-03-28 16:04:25","2018-04-10 00:00:00","2018-03-13 16:06:38","2018-03-27 23:22:42","2018-03-28 16:04:25","2018-04-10 00:00:00",15,2018,3,1,1,0
"6b7d50bd145f6fc7f33cebabd7e49d0f","4f2d8ab171c80ec8364f7c12e35b23ad",delivered,"2018-07-29 09:51:30","2018-07-29 10:10:09","2018-07-30 15:16:00","2018-08-09 20:55:48","2018-08-15 00:00:00","2018-07-29 09:51:30","2018-07-30 15:16:00","2018-08-09 20:55:48","2018-08-15 00:00:00",11,2018,7,3,1,0
"5741ea1f91b5fbab2bd2dc653a5b5099","879864dab9bc3047522c92c82e1212b8",delivered,"2017-09-14 18:14:31","2017-09-14 18:25:11","2017-09-18 21:27:40","2017-09-28 17:32:43","2017-10-04 00:00:00","2017-09-14 18:14:31","2017-09-18 21:27:40","2017-09-28 17:32:43","2017-10-04 00:00:00",14,2017,9,3,1,0
"36e694cf4cbc2a4803200c35e84abdc4",fd826e7cf63160e536e0908c76c3f441,delivered,"2018-02-19 14:38:35","2018-02-19 14:50:37","2018-02-20 00:03:39","2018-02-20 16:25:51","2018-03-05 00:00:00","2018-02-19 14:38:35","2018-02-20 00:03:39","2018-02-20 16:25:51","2018-03-05 00:00:00",1,2018,2,1,1,0
"1093c8304c7a003280dd34598194913d","5e274e7a0c3809e14aba7ad5aae0d407",delivered,"2017-11-16 19:29:02","2017-11-16 19:55:41","2017-11-22 16:46:33","2017-11-27 12:44:36","2017-12-08 00:00:00","2017-11-16 19:29:02","2017-11-22 16:46:33","2017-11-27 12:44:36","2017-12-08 00:00:00",11,2017,11,4,1,0
"1ebeea841c590e86a14a0d7a48e7d062","5adf08e34b2e993982a47070956c5c65",delivered,"2018-01-18 12:35:44","2018-01-18 12:56:32","2018-01-18 23:25:35","2018-01-26 15:17:57","2018-02-20 00:00:00","2018-01-18 12:35:44","2018-01-18 23:25:35","2018-01-26 15:17:57","2018-02-20 00:00:00",8,2018,1,1,1,0
"7433cbcc783205509d66a5260da5b574","4b7139f34592b3a31687243a302fa75b",delivered,"2018-01-08 11:22:34","2018-01-08 11:35:27","2018-01-11 01:00:40","2018-01-13 14:51:55","2018-02-05 00:00:00","2018-01-08 11:22:34","2018-01-11 01:00:40","2018-01-13 14:51:55","2018-02-05 00:00:00",5,2018,1,1,1,0
"8428e578bb1cf839ae26a6b7615502b9","9fb35e4ed6f0a14a4977cd9aea4042bb",delivered,"2017-11-27 17:23:20","2017-11-27 18:01:20","2017-11-28 23:04:41","2017-12-08 22:16:17","2017-12-20 00:00:00","2017-11-27 17:23:20","2017-11-28 23:04:41","2017-12-08 22:16:17","2017-12-20 00:00:00",11,2017,11,4,1,0
f86c5ed7048ac10eb88ec21c00f71892,"5aa9e4fdd4dfd20959cad2d772509598",delivered,"2018-02-07 11:36:42","2018-02-07 11:55:28","2018-02-08 17:46:32","2018-02-26 12:42:54","2018-03-06 00:00:00","2018-02-07 11:36:42","2018-02-08 17:46:32","2018-02-26 12:42:54","2018-03-06 00:00:00",19,2018,2,1,1,0
"83d8f70418eefd96f37b483dff430305",b2d1536598b73a9abd18e0d75d92f0a3,delivered,"2017-09-09 09:54:57","2017-09-09 10:10:17","2017-09-12 12:42:43","2017-09-20 20:23:34","2017-10-02 00:00:00","2017-09-09 09:54:57","2017-09-12 12:42:43","2017-09-20 20:23:34","2017-10-02 00:00:00",11,2017,9,3,1,0
"852d2f4d37773bcbc21c8e09a05a4ea5",eabebad39a88bb6f5b52376faec28612,delivered,"2018-03-07 15:57:14","2018-03-07 16:15:30","2018-03-12 23:02:49","2018-03-15 00:46:30","2018-03-19 00:00:00","2018-03-07 15:57:14","2018-03-12 23:02:49","2018-03-15 00:46:30","2018-03-19 00:00:00",8,2018,3,1,1,0
"6c949e670b5d33dc8fb8ad25b6da4860","1f1c7bf1c9b041b292af6c1c4470b753",delivered,"2018-04-01 18:59:31","2018-04-02 17:55:19","2018-04-03 19:33:13","2018-04-13 15:11:21","2018-04-24 00:00:00","2018-04-01 18:59:31","2018-04-03 19:33:13","2018-04-13 15:11:21","2018-04-24 00:00:00",12,2018,4,2,1,0
eac76692452422620996fe5e1a7f8bb0,"206f3129c0e4d7d0b9550426023f0a08",delivered,"2018-01-29 20:32:08","2018-01-29 21:13:27","2018-02-03 00:09:40","2018-02-08 17:03:53","2018-02-22 00:00:00","2018-01-29 20:32:08","2018-02-03 00:09:40","2018-02-08 17:03:53","2018-02-22 00:00:00",10,2018,1,1,1,0
"72bab69c50432c6f94d8b50a5f84b69a",a7c125a0a07b75146167b7f04a7f8e98,delivered,"2018-08-13 23:45:05","2018-08-13 23:55:13","2018-08-15 12:11:00","2018-08-17 20:03:08","2018-08-30 00:00:00","2018-08-13 23:45:05","2018-08-15 12:11:00","2018-08-17 20:03:08","2018-08-30 00:00:00",4,2018,8,3,1,0
ec28553b12bef4b538e5d7454464a1c6,c5c61596a3b6bd0cee5766992c48a9a1,delivered,"2018-06-18 13:34:21","2018-06-18 13:55:47","2018-06-19 15:07:00","2018-06-21 20:15:28","2018-07-03 00:00:00","2018-06-18 13:34:21","2018-06-19 15:07:00","2018-06-21 20:15:28","2018-07-03 00:00:00",3,2018,6,2,1,0
"17825f24877a9289214c301ae0c9424b","9b8ce803689b3562defaad4613ef426f",delivered,"2017-05-11 13:48:47","2017-05-13 11:55:16","2017-05-15 15:30:02","2017-06-07 12:02:14","2017-05-30 00:00:00","2017-05-11 13:48:47","2017-05-15 15:30:02","2017-06-07 12:02:14","2017-05-30 00:00:00",27,2017,5,2,1,1
ab797176e01c2fa3d13aa1fe3e63d9ee,"49d0ea0986edde72da777f15456a0ee0",delivered,"2017-11-01 21:54:10","2017-11-01 22:06:00","2017-11-06 15:43:02","2017-12-02 01:09:29","2017-12-12 00:00:00","2017-11-01 21:54:10","2017-11-06 15:43:02","2017-12-02 01:09:29","2017-12-12 00:00:00",31,2017,11,4,1,0
"830d8b3e6875ef6165ffc33219ab4fea","154c4ded6991bdfa3cd249d11abf4130",delivered,"2017-08-13 10:03:36","2017-08-13 10:24:04","2017-08-14 18:43:45","2017-08-19 12:37:49","2017-09-20 00:00:00","2017-08-13 10:03:36","2017-08-14 18:43:45","2017-08-19 12:37:49","2017-09-20 00:00:00",6,2017,8,3,1,0
aaff8afa47c8426e414a6d908a97713c,"690172ab319622688d3b4df42f676898",delivered,"2017-10-15 11:08:48","2017-10-15 11:25:49","2017-10-16 21:36:29","2017-10-25 22:30:58","2017-11-06 00:00:00","2017-10-15 11:08:48","2017-10-16 21:36:29","2017-10-25 22:30:58","2017-11-06 00:00:00",10,2017,10,4,1,0
"0198c71148c2e08c7c52b860f640fa4e","2938121a40a20953c43caa8c98787fcb",delivered,"2018-05-08 06:34:07","2018-05-09 04:31:29","2018-05-10 18:12:00","2018-05-18 18:49:30","2018-05-29 00:00:00","2018-05-08 06:34:07","2018-05-10 18:12:00","2018-05-18 18:49:30","2018-05-29 00:00:00",10,2018,5,2,1,0
eac4ffbe456464bdc3ce5f001b6439c5,"237098a64674ae89babdc426746260fc",delivered,"2017-04-14 11:24:56","2017-04-14 11:35:23","2017-04-17 10:43:50","2017-04-20 17:04:51","2017-05-10 00:00:00","2017-04-14 11:24:56","2017-04-17 10:43:50","2017-04-20 17:04:51","2017-05-10 00:00:00",6,2017,4,2,1,0
"6cdc131d3c28253cd03cd0fbc3d5f938",cb721d7b4f271fd87011c4c83462c076,delivered,"2018-05-16 13:04:22","2018-05-16 13:19:29","2018-05-17 15:06:00","2018-05-24 15:16:41","2018-06-05 00:00:00","2018-05-16 13:04:22","2018-05-17 15:06:00","2018-05-24 15:16:41","2018-06-05 00:00:00",8,2018,5,2,1,0
daf946e879dab6e7e6b3f968297c3fe3,f681356046d9fde60e70c73a18d65ea2,delivered,"2018-02-09 13:46:04","2018-02-09 14:08:53","2018-02-14 23:35:06","2018-02-15 22:41:29","2018-02-23 00:00:00","2018-02-09 13:46:04","2018-02-14 23:35:06","2018-02-15 22:41:29","2018-02-23 00:00:00",6,2018,2,1,1,0
d10eafa208521dc30796e6a26099b6a6,"167bd30a409e3e4127df5a9408ebd394",delivered,"2018-07-14 10:53:11","2018-07-14 11:05:18","2018-07-17 17:32:00","2018-07-25 16:28:33","2018-08-08 00:00:00","2018-07-14 10:53:11","2018-07-17 17:32:00","2018-07-25 16:28:33","2018-08-08 00:00:00",11,2018,7,3,1,0
a8f5a2b22f55e0af45b300929d1fdc7d,"6e359a57a91f84095cc64e1b351aef8c",delivered,"2017-05-15 17:58:25","2017-05-15 18:10:18","2017-05-16 15:41:37","2017-05-19 11:10:11","2017-06-06 00:00:00","2017-05-15 17:58:25","2017-05-16 15:41:37","2017-05-19 11:10:11","2017-06-06 00:00:00",4,2017,5,2,1,0
"3a6d41a4fe7a8e841b7c8e4b77d4e301",e0eea8f69a457b3f1fa246e44c9ebefd,delivered,"2017-11-24 11:29:52","2017-11-24 13:33:05","2017-11-27 21:12:51","2017-12-06 22:37:09","2017-12-18 00:00:00","2017-11-24 11:29:52","2017-11-27 21:12:51","2017-12-06 22:37:09","2017-12-18 00:00:00",12,2017,11,4,1,0
"0330631bdb2ec8c341f487ed9c22fc8b",e3109970a3fe8021d5ff82c577ce5606,delivered,"2018-05-25 12:02:08","2018-05-26 02:31:54","2018-05-29 15:41:00","2018-06-07 22:42:02","2018-06-26 00:00:00","2018-05-25 12:02:08","2018-05-29 15:41:00","2018-06-07 22:42:02","2018-06-26 00:00:00",13,2018,5,2,1,0
"2904d3ae0064e840ffb4798ba4a12ae3","261cb4f92498ca05d5bd1a327a261d9c",delivered,"2017-09-12 08:00:03","2017-09-14 02:50:22","2017-09-19 19:27:49","2017-09-25 21:22:39","2017-10-05 00:00:00","2017-09-12 08:00:03","2017-09-19 19:27:49","2017-09-25 21:22:39","2017-10-05 00:00:00",13,2017,9,3,1,0
f3b96845efd71daecf6b331fb3a9f537,"6f92779347724b67e44e3224f3b4cffd",delivered,"2017-11-26 20:59:24","2017-11-27 09:16:13","2017-11-30 16:38:43","2017-12-09 11:56:34","2017-12-18 00:00:00","2017-11-26 20:59:24","2017-11-30 16:38:43","2017-12-09 11:56:34","2017-12-18 00:00:00",13,2017,11,4,1,0
"19c0c76962278b152cc44fc63ffd5e48","2d5831cb2dff7cdefba62e950ae3dc7b",delivered,"2018-04-18 09:42:53","2018-04-18 09:55:17","2018-04-20 18:52:39","2018-05-17 20:19:49","2018-05-18 00:00:00","2018-04-18 09:42:53","2018-04-20 18:52:39","2018-05-17 20:19:49","2018-05-18 00:00:00",29,2018,4,2,1,0
"77b062be7c5bd21712905feb8e1cfeed",b2bed119388167a954382cca36c4777f,delivered,"2017-06-14 18:31:54","2017-06-15 18:43:04","2017-06-22 08:11:38","2017-07-07 20:32:47","2017-07-07 00:00:00","2017-06-14 18:31:54","2017-06-22 08:11:38","2017-07-07 20:32:47","2017-07-07 00:00:00",23,2017,6,2,1,1
a9119eb77d6200811953803a7b6539e1,"469634941c27cd844170935a3cf60b95",delivered,"2018-03-12 13:07:03","2018-03-12 13:15:28","2018-03-13 22:12:18","2018-03-22 18:28:55","2018-03-29 00:00:00","2018-03-12 13:07:03","2018-03-13 22:12:18","2018-03-22 18:28:55","2018-03-29 00:00:00",10,2018,3,1,1,0
"72bd19ef4fa285334b95bda01a3718c7",df0aa5b8586495e0ddf6b601122e43a1,delivered,"2018-05-09 13:01:24","2018-05-09 13:11:21","2018-05-11 14:03:00","2018-05-16 16:58:37","2018-05-25 00:00:00","2018-05-09 13:01:24","2018-05-11 14:03:00","2018-05-16 16:58:37","2018-05-25 00:00:00",7,2018,5,2,1,0
"4ca8a781d1f4b13e966bf35cdc333f56","41c8f4b570869791379a925899a6af8a",delivered,"2017-10-13 10:04:59","2017-10-14 03:46:19","2017-10-20 18:57:47","2017-10-25 20:52:20","2017-11-06 00:00:00","2017-10-13 10:04:59","2017-10-20 18:57:47","2017-10-25 20:52:20","2017-11-06 00:00:00",12,2017,10,4,1,0
d4668cd8ef48b78df597195703c95da2,"54f755c3fd2709231f9964a1430c5218",delivered,"2017-08-10 13:01:54","2017-08-10 13:23:32","2017-08-14 19:44:58","2017-08-21 13:42:55","2017-09-01 00:00:00","2017-08-10 13:01:54","2017-08-14 19:44:58","2017-08-21 13:42:55","2017-09-01 00:00:00",11,2017,8,3,1,0
"997fd4b37386d10b57d4ac8cdec011a6","4c06b42fbf7b97ab10779cda5549cd1c",delivered,"2018-07-08 09:59:19","2018-07-08 10:30:15","2018-07-25 15:12:00","2018-08-08 19:42:53","2018-08-16 00:00:00","2018-07-08 09:59:19","2018-07-25 15:12:00","2018-08-08 19:42:53","2018-08-16 00:00:00",31,2018,7,3,1,0
"47cb08d5bac6105ae32587814fca96ca",b6368ca0f56d4632f44d58ca431487b2,delivered,"2018-02-11 14:07:45","2018-02-11 14:48:15","2018-02-14 18:38:51","2018-02-27 20:46:42","2018-03-08 00:00:00","2018-02-11 14:07:45","2018-02-14 18:38:51","2018-02-27 20:46:42","2018-03-08 00:00:00",16,2018,2,1,1,0
"42cebac003b40e6aa0b3e37b99d83c2f","4a0e66fd30684aa1409cd1b66fec77cc",delivered,"2018-07-06 14:29:57","2018-07-10 04:05:12","2018-07-10 15:06:00","2018-07-11 17:35:50","2018-07-19 00:00:00","2018-07-06 14:29:57","2018-07-10 15:06:00","2018-07-11 17:35:50","2018-07-19 00:00:00",5,2018,7,3,1,0
"1bae3477022e0394ab9af1d25a242fd0",c168abb9077b7821adae01dc1f0886c5,delivered,"2017-12-18 08:52:09","2017-12-18 09:11:59","2017-12-20 12:59:02","2017-12-30 10:53:09","2018-01-18 00:00:00","2017-12-18 08:52:09","2017-12-20 12:59:02","2017-12-30 10:53:09","2018-01-18 00:00:00",12,2017,12,4,1,0
"2dd604f5ec1bd2f58c14e9908c7df826",a3b0fda37bae14cf754877bed475e80c,delivered,"2018-01-31 16:43:23","2018-02-01 11:35:44","2018-02-06 15:35:16","2018-02-10 16:12:22","2018-02-22 00:00:00","2018-01-31 16:43:23","2018-02-06 15:35:16","2018-02-10 16:12:22","2018-02-22 00:00:00",10,2018,1,1,1,0
a74869096437cef33d04006e8480e0db,"0ccd415657ae8a6cd1c71b00155a019e",delivered,"2017-10-09 21:01:08","2017-10-09 21:14:37","2017-10-11 17:17:46","2017-10-14 12:03:34","2017-10-20 00:00:00","2017-10-09 21:01:08","2017-10-11 17:17:46","2017-10-14 12:03:34","2017-10-20 00:00:00",5,2017,10,4,1,0
"04a92860751dfe7ae41f71e1228ffd18",c532a74a3ebf1bacce2e2bcce3783317,delivered,"2018-05-14 13:30:21","2018-05-14 13:56:47","2018-05-24 14:26:00","2018-06-04 20:48:29","2018-06-12 00:00:00","2018-05-14 13:30:21","2018-05-24 14:26:00","2018-06-04 20:48:29","2018-06-12 00:00:00",21,2018,5,2,1,0
"14282bc70be9bdda515182fb1ce62af4","19cecb194f54e614b70d971306a9931b",delivered,"2018-04-18 14:18:09","2018-04-19 02:52:02","2018-04-20 00:47:44","2018-04-26 16:26:38","2018-05-11 00:00:00","2018-04-18 14:18:09","2018-04-20 00:47:44","2018-04-26 16:26:38","2018-05-11 00:00:00",8,2018,4,2,1,0
"6e98de3a85c84ead6689189b825d35b5",f34a6e874087ec1f0e3dab9fdf659c5d,canceled,"2018-03-15 10:07:02","2018-03-15 10:29:33","","","2018-04-09 00:00:00","2018-03-15 10:07:02",,,"2018-04-09 00:00:00",,2018,3,1,0,0
b5172d4a722c0ebb34c29bbbb7a3cb42,c132855c926907970dcf6f2bf0b33a24,invoiced,"2018-04-17 13:14:13","2018-04-18 05:31:51","","","2018-05-24 00:00:00","2018-04-17 13:14:13",,,"2018-05-24 00:00:00",,2018,4,2,0,0
d13130a0433949ba242b2f0632fd49a2,df85b96ba2ce3e49bde101b1614f52ac,delivered,"2017-11-26 11:43:57","2017-11-26 11:55:36","2017-11-28 15:11:48","2017-12-07 23:17:20","2017-12-20 00:00:00","2017-11-26 11:43:57","2017-11-28 15:11:48","2017-12-07 23:17:20","2017-12-20 00:00:00",11,2017,11,4,1,0
"38e2829123a2bd1cbe111564824d0abb","4d27341acd30a36bca39008ee9bb9050",delivered,"2017-01-26 11:14:58","2017-01-26 11:25:21","2017-01-27 12:19:14","2017-02-09 12:15:20","2017-02-22 00:00:00","2017-01-26 11:14:58","2017-01-27 12:19:14","2017-02-09 12:15:20","2017-02-22 00:00:00",14,2017,1,1,1,0
"6b1fc7db81c9636bc79ef40baf9e8b29",d3b6830d18c7de943d1e707d1f061d40,delivered,"2018-04-14 18:29:29","2018-04-14 18:52:43","2018-04-17 21:32:56","2018-04-18 21:41:45","2018-05-03 00:00:00","2018-04-14 18:29:29","2018-04-17 21:32:56","2018-04-18 21:41:45","2018-05-03 00:00:00",4,2018,4,2,1,0
b95cae4001dc3efdaa739478cf9c92e4,"79de53946db384e2d7a9bd131792ad17",delivered,"2018-05-22 01:43:18","2018-05-23 02:38:41","2018-05-25 13:47:00","2018-06-03 14:53:21","2018-06-11 00:00:00","2018-05-22 01:43:18","2018-05-25 13:47:00","2018-06-03 14:53:21","2018-06-11 00:00:00",12,2018,5,2,1,0
f13b9cfd03f5555ece664b0bec8d2bf8,a562ab1e728449e3461829dfe2e36f73,delivered,"2018-01-29 21:53:47","2018-01-31 13:32:04","2018-02-01 00:34:16","2018-02-08 19:49:39","2018-02-26 00:00:00","2018-01-29 21:53:47","2018-02-01 00:34:16","2018-02-08 19:49:39","2018-02-26 00:00:00",10,2018,1,1,1,0
d5691ee416fbe1f2d1b061319de61570,b64ed91eab98972150bdaf77ca921934,delivered,"2018-05-11 06:47:44","2018-05-11 10:17:49","2018-05-12 08:55:00","2018-05-15 16:44:55","2018-06-14 00:00:00","2018-05-11 06:47:44","2018-05-12 08:55:00","2018-05-15 16:44:55","2018-06-14 00:00:00",4,2018,5,2,1,0
a6917b5d71e0e9bc434e9228db8daeb2,"8247b5583327ab8be19f96e1fb82f77b",delivered,"2017-06-09 15:46:17","2017-06-10 15:42:38","2017-06-12 17:10:55","2017-06-19 19:32:32","2017-07-04 00:00:00","2017-06-09 15:46:17","2017-06-12 17:10:55","2017-06-19 19:32:32","2017-07-04 00:00:00",10,2017,6,2,1,0
"1a463c49e93ce429845e1d959122285d","8fcaa9368903f3a9a28aeaff28c14638",delivered,"2018-02-03 08:14:02","2018-02-03 08:30:07","2018-02-05 18:49:03","2018-02-21 21:22:41","2018-03-05 00:00:00","2018-02-03 08:14:02","2018-02-05 18:49:03","2018-02-21 21:22:41","2018-03-05 00:00:00",18,2018,2,1,1,0
c6ab8a5c6fbd3bf57e9ad8407d950cc6,a9b0d1c26105279e1b8edc63d06bd668,delivered,"2018-01-29 11:04:44","2018-01-29 11:21:15","2018-01-29 22:37:54","2018-01-30 20:37:59","2018-02-14 00:00:00","2018-01-29 11:04:44","2018-01-29 22:37:54","2018-01-30 20:37:59","2018-02-14 00:00:00",1,2018,1,1,1,0
"07429f7601b56a66d1854c79a2f5c9e5",aa9f03ecd3728c9bd12e6d962c66c7cb,delivered,"2017-07-11 09:36:46","2017-07-11 09:50:30","2017-07-11 19:42:28","2017-07-21 20:06:22","2017-08-04 00:00:00","2017-07-11 09:36:46","2017-07-11 19:42:28","2017-07-21 20:06:22","2017-08-04 00:00:00",10,2017,7,3,1,0
f481e2c2c039ab1665d048d7e2cf5e00,"230c0d740401730c7197d16376893525",delivered,"2018-06-06 16:53:30","2018-06-06 17:13:05","2018-06-08 14:46:00","2018-06-13 20:48:25","2018-07-17 00:00:00","2018-06-06 16:53:30","2018-06-08 14:46:00","2018-06-13 20:48:25","2018-07-17 00:00:00",7,2018,6,2,1,0
"4f0695330f3816ef294bf1f4b18f4f2e",a905baa530258422594f1b05615bd225,delivered,"2018-03-29 21:28:04","2018-03-29 21:35:20","2018-04-12 23:36:29","2018-05-08 16:52:07","2018-04-23 00:00:00","2018-03-29 21:28:04","2018-04-12 23:36:29","2018-05-08 16:52:07","2018-04-23 00:00:00",40,2018,3,1,1,1
"958c2c6f97278761a6dc851ac6bc0f1e","4fa19f7da692e6bf9602aaad3c372eda",delivered,"2018-03-27 18:05:05","2018-03-28 02:48:01","2018-03-29 23:22:10","2018-04-07 17:46:40","2018-04-17 00:00:00","2018-03-27 18:05:05","2018-03-29 23:22:10","2018-04-07 17:46:40","2018-04-17 00:00:00",11,2018,3,1,1,0
"23656d2d2cc437bb9aa69984ee84d980","03f846ad03437d864a8d2a22976dcafe",delivered,"2018-02-20 11:34:50","2018-02-20 11:47:43","2018-02-21 18:29:11","2018-02-22 19:11:38","2018-03-06 00:00:00","2018-02-20 11:34:50","2018-02-21 18:29:11","2018-02-22 19:11:38","2018-03-06 00:00:00",2,2018,2,1,1,0
e04d4af0a4a1090bf68ccfee2dd809ef,de4e13fd7d6469c5ada77d0843c55e42,delivered,"2018-05-08 22:55:20","2018-05-08 23:11:59","2018-05-10 18:29:00","2018-05-24 20:28:49","2018-06-06 00:00:00","2018-05-08 22:55:20","2018-05-10 18:29:00","2018-05-24 20:28:49","2018-06-06 00:00:00",16,2018,5,2,1,0
b63fff1ef8b6201df68bb611ee41129e,"8276de07ef25225d412b8462d73f8664",delivered,"2017-04-02 22:15:27","2017-04-04 05:55:19","2017-04-13 16:28:06","2017-05-02 13:53:25","2017-05-08 00:00:00","2017-04-02 22:15:27","2017-04-13 16:28:06","2017-05-02 13:53:25","2017-05-08 00:00:00",30,2017,4,2,1,0
"0a082979e13de340740a9883be061fcf",cc32707d2e2f7c92ab449f9b28154809,delivered,"2017-11-19 08:43:10","2017-11-19 09:05:48","2017-11-20 19:24:26","2017-12-02 14:26:51","2017-12-18 00:00:00","2017-11-19 08:43:10","2017-11-20 19:24:26","2017-12-02 14:26:51","2017-12-18 00:00:00",13,2017,11,4,1,0
db97652cf517d2cd03db63dec489ca62,a02f66c3af7b16eec19ddcd98b645fe3,delivered,"2017-10-01 08:57:03","2017-10-01 09:14:07","2017-10-02 19:32:57","2017-10-03 14:23:50","2017-10-18 00:00:00","2017-10-01 08:57:03","2017-10-02 19:32:57","2017-10-03 14:23:50","2017-10-18 00:00:00",2,2017,10,4,1,0
"8cc7ecd8057b154fb9227536dba2ce24","26acee41e2f75689a5615892f06ea0bd",delivered,"2017-12-05 17:12:11","2017-12-05 18:04:56","2017-12-11 23:46:53","2017-12-12 21:27:01","2017-12-21 00:00:00","2017-12-05 17:12:11","2017-12-11 23:46:53","2017-12-12 21:27:01","2017-12-21 00:00:00",7,2017,12,4,1,0
"84725ed03be12141b53a435b57fbd336",f64cdee66599119324ce57a97e43700d,delivered,"2017-09-11 16:51:05","2017-09-12 04:44:45","2017-09-15 14:33:20","2017-09-18 21:39:58","2017-09-28 00:00:00","2017-09-11 16:51:05","2017-09-15 14:33:20","2017-09-18 21:39:58","2017-09-28 00:00:00",7,2017,9,3,1,0
"3e4a8d7b151d4f81900cea441f80d544","7ab7a537b678b6dd73d825ff6ee7be9d",delivered,"2017-09-08 15:41:51","2017-09-08 16:04:38","2017-09-12 16:31:47","2017-09-21 19:23:31","2017-09-28 00:00:00","2017-09-08 15:41:51","2017-09-12 16:31:47","2017-09-21 19:23:31","2017-09-28 00:00:00",13,2017,9,3,1,0
eafa53108733896f6f18e2f8daca6f37,"7300450cedf7e4c35c243c4a03c1e8a6",delivered,"2018-07-30 22:31:37","2018-07-30 23:31:33","2018-08-06 09:52:00","2018-08-13 23:58:41","2018-08-17 00:00:00","2018-07-30 22:31:37","2018-08-06 09:52:00","2018-08-13 23:58:41","2018-08-17 00:00:00",14,2018,7,3,1,0
ad380680e87dea0f2abf5cd5bace626c,"4c7241af24b5344cb01fe687643de4fe",shipped,"2018-01-21 15:54:02","2018-01-22 13:52:41","2018-01-24 18:26:40","","2018-02-20 00:00:00","2018-01-21 15:54:02","2018-01-24 18:26:40",,"2018-02-20 00:00:00",,2018,1,1,0,0
b336214a092c49699b59cfefc4b19ff1,"97e126f19a6f04b3462619f36862bcd2",delivered,"2018-03-21 14:15:40","2018-03-21 15:30:34","2018-03-27 17:04:02","2018-03-31 19:03:35","2018-04-03 00:00:00","2018-03-21 14:15:40","2018-03-27 17:04:02","2018-03-31 19:03:35","2018-04-03 00:00:00",10,2018,3,1,1,0
bce1e6fae8db0875cde2048ee4220438,"6d27a9361e591da38c87a5e70253f3f2",delivered,"2017-12-28 10:45:14","2017-12-28 10:54:22","2017-12-28 22:04:14","2018-01-08 17:00:02","2018-01-29 00:00:00","2017-12-28 10:45:14","2017-12-28 22:04:14","2018-01-08 17:00:02","2018-01-29 00:00:00",11,2017,12,4,1,0
c1f9a3a835ab0d3d2975ab179f78ab75,"6810c3dc47f641181fcc7f73275c3d19",delivered,"2017-09-26 18:53:39","2017-09-26 19:07:10","2017-09-27 20:30:03","2017-10-05 20:18:06","2017-10-23 00:00:00","2017-09-26 18:53:39","2017-09-27 20:30:03","2017-10-05 20:18:06","2017-10-23 00:00:00",9,2017,9,3,1,0
"6c241acf57ed5ad34e75d73e49f80f0e",b514422efcf14bef34858a0829bef189,delivered,"2017-12-28 04:31:58","2017-12-28 04:47:24","2017-12-28 17:59:29","2018-01-23 22:36:08","2018-01-30 00:00:00","2017-12-28 04:31:58","2017-12-28 17:59:29","2018-01-23 22:36:08","2018-01-30 00:00:00",26,2017,12,4,1,0
"0c65b54ed2c147ffd0092eb2308ee63d","0aae2862f8eac77f10a34f44860720ac",delivered,"2017-03-23 11:07:12","2017-03-23 11:07:12","2017-03-24 10:36:22","2017-04-04 14:58:07","2017-04-13 00:00:00","2017-03-23 11:07:12","2017-03-24 10:36:22","2017-04-04 14:58:07","2017-04-13 00:00:00",12,2017,3,1,1,0
"580e2b6c3cb7687af1cb01ebeed86265","6c9a5923526346cbc0bd7bbd92269c01",delivered,"2018-08-22 11:39:32","2018-08-22 11:50:14","2018-08-22 22:07:00","2018-08-23 18:34:25","2018-08-27 00:00:00","2018-08-22 11:39:32","2018-08-22 22:07:00","2018-08-23 18:34:25","2018-08-27 00:00:00",1,2018,8,3,1,0
fba547ee0dbc8830f00e8d3cc83bf246,"1b2cb35b19b40b61f953d32ea157b337",delivered,"2018-08-25 11:24:27","2018-08-25 11:35:18","2018-08-27 12:26:00","2018-08-30 19:54:25","2018-09-19 00:00:00","2018-08-25 11:24:27","2018-08-27 12:26:00","2018-08-30 19:54:25","2018-09-19 00:00:00",5,2018,8,3,1,0
"08e92ad91f0ce4572b374d35637140ec","12d1b4294fef21016c9614eb31e55e15",delivered,"2018-03-12 14:56:48","2018-03-12 16:15:46","2018-03-14 23:04:03","2018-04-02 18:58:25","2018-04-11 00:00:00","2018-03-12 14:56:48","2018-03-14 23:04:03","2018-04-02 18:58:25","2018-04-11 00:00:00",21,2018,3,1,1,0
cc07a8fdd3a8e94d683c8142a117dbc1,f6529ffebe6b3440d45d89604a4239ac,shipped,"2018-01-11 17:11:11","2018-01-12 17:49:45","2018-01-17 16:56:32","","2018-02-09 00:00:00","2018-01-11 17:11:11","2018-01-17 16:56:32",,"2018-02-09 00:00:00",,2018,1,1,0,0
e1b2b399fc8d82464976a550af8ee646,"8264e3518163dd09211870b24a5d741d",delivered,"2018-03-24 13:38:59","2018-03-24 13:50:48","2018-03-28 20:42:25","2018-04-08 22:34:30","2018-04-12 00:00:00","2018-03-24 13:38:59","2018-03-28 20:42:25","2018-04-08 22:34:30","2018-04-12 00:00:00",15,2018,3,1,1,0
"8fd361858abba7604b18a32f16483a8d","8392e3d4cfeec63f2a8bfea68bf1f91f",delivered,"2017-05-22 19:23:14","2017-05-22 19:30:19","2017-05-24 13:40:23","2017-06-02 13:06:02","2017-06-27 00:00:00","2017-05-22 19:23:14","2017-05-24 13:40:23","2017-06-02 13:06:02","2017-06-27 00:00:00",11,2017,5,2,1,0
e3c131bbe953a1cdb1dbaf261715c368,"38d1cd89306128348ffdf4cc23f3a50a",delivered,"2017-03-16 16:41:44","2017-03-16 16:41:44","2017-03-17 11:07:01","2017-03-21 11:27:49","2017-04-04 00:00:00","2017-03-16 16:41:44","2017-03-17 11:07:01","2017-03-21 11:27:49","2017-04-04 00:00:00",5,2017,3,1,1,0
"9cefab6270eb935eb96a97c56b8e7984","91ec76836092bba85d11761078ed7bb5",delivered,"2018-06-07 21:41:19","2018-06-07 21:54:43","2018-06-11 12:16:00","2018-06-15 17:28:42","2018-07-05 00:00:00","2018-06-07 21:41:19","2018-06-11 12:16:00","2018-06-15 17:28:42","2018-07-05 00:00:00",8,2018,6,2,1,0
fc9cb1d496b03a40d603876228b48bff,f9dfa0a2934ffbb22e66924952548be8,delivered,"2018-05-02 22:30:03","2018-05-02 23:30:27","2018-05-03 13:33:00","2018-05-08 15:58:50","2018-05-21 00:00:00","2018-05-02 22:30:03","2018-05-03 13:33:00","2018-05-08 15:58:50","2018-05-21 00:00:00",6,2018,5,2,1,0
"3f113daaf8b405bcc4349a2812061fa4","5a3260cfde2a918b597dada7ddd247bb",delivered,"2017-10-27 18:24:19","2017-10-27 18:35:15","2017-10-31 16:35:54","2017-11-01 17:42:09","2017-11-09 00:00:00","2017-10-27 18:24:19","2017-10-31 16:35:54","2017-11-01 17:42:09","2017-11-09 00:00:00",5,2017,10,4,1,0
fe650e72e3f39d6c3a0e3d87da7971cd,ee3a81b2771fec5f9e982cdb1b3a4804,delivered,"2018-03-26 23:43:27","2018-03-27 00:07:11","2018-03-27 18:08:39","2018-04-12 00:44:25","2018-04-13 00:00:00","2018-03-26 23:43:27","2018-03-27 18:08:39","2018-04-12 00:44:25","2018-04-13 00:00:00",17,2018,3,1,1,0
bf5fcdf1603bb35d981edec95d3ac6c8,"784c407781aa34749a388c9283782b56",delivered,"2018-06-18 13:18:32","2018-06-18 13:39:53","2018-06-19 14:40:00","2018-06-27 19:46:49","2018-07-18 00:00:00","2018-06-18 13:18:32","2018-06-19 14:40:00","2018-06-27 19:46:49","2018-07-18 00:00:00",9,2018,6,2,1,0
"23c0fb66f3afa483b302cc740b14f17b","3f6ede29d4c69cd3316d2035b6cec1fb",delivered,"2018-05-16 23:45:47","2018-05-18 04:36:16","2018-05-18 09:35:00","2018-05-21 13:48:28","2018-06-13 00:00:00","2018-05-16 23:45:47","2018-05-18 09:35:00","2018-05-21 13:48:28","2018-06-13 00:00:00",5,2018,5,2,1,0
"0e5d9583490deb1e011b1c8e7da13398","6bed27564bd99d78d09c1fac13da56fd",delivered,"2018-03-22 12:07:30","2018-03-22 12:15:45","2018-03-27 22:12:24","2018-05-09 19:48:38","2018-04-11 00:00:00","2018-03-22 12:07:30","2018-03-27 22:12:24","2018-05-09 19:48:38","2018-04-11 00:00:00",48,2018,3,1,1,1
"984e03738ab50cbe683fc484c809d5ba","670254dd2e886ffe621b3831afb47d7d",delivered,"2018-08-08 21:04:15","2018-08-08 21:44:49","2018-08-20 15:09:00","2018-08-27 20:34:47","2018-10-05 00:00:00","2018-08-08 21:04:15","2018-08-20 15:09:00","2018-08-27 20:34:47","2018-10-05 00:00:00",19,2018,8,3,1,0
c502981c13af31e66327c143bc885a2d,f7cb015ff73be957ee6a30e2577742c5,delivered,"2018-05-31 14:38:55","2018-06-05 04:51:47","2018-06-13 15:08:00","2018-06-16 10:58:27","2018-07-12 00:00:00","2018-05-31 14:38:55","2018-06-13 15:08:00","2018-06-16 10:58:27","2018-07-12 00:00:00",16,2018,5,2,1,0
"2b4da54d791ba338407fa772e336b880",ea2196dc456ba36fe4f6b81dca4867d4,delivered,"2017-10-06 08:37:41","2017-10-07 08:44:25","2017-10-09 18:44:06","2017-11-03 21:52:12","2017-11-07 00:00:00","2017-10-06 08:37:41","2017-10-09 18:44:06","2017-11-03 21:52:12","2017-11-07 00:00:00",28,2017,10,4,1,0
e96a4c3bfb4afc0cb895a76f5ba0440b,"09241c552e9fe2420997a6c535e9d408",delivered,"2018-04-15 21:23:16","2018-04-15 21:35:12","2018-04-19 11:58:29","2018-04-20 20:47:43","2018-05-02 00:00:00","2018-04-15 21:23:16","2018-04-19 11:58:29","2018-04-20 20:47:43","2018-05-02 00:00:00",5,2018,4,2,1,0
a394b2199baa9280c6febcaf0b35ffeb,e50a30de3c32f9406a7185f40ce6874d,delivered,"2018-06-24 22:17:44","2018-06-24 22:38:23","2018-06-26 11:22:00","2018-07-03 17:29:12","2018-07-24 00:00:00","2018-06-24 22:17:44","2018-06-26 11:22:00","2018-07-03 17:29:12","2018-07-24 00:00:00",9,2018,6,2,1,0
"317f677073cd35ced91d8e59ce483b0e",f89c1a6b9c966869e441e55bc14acddc,delivered,"2018-04-30 01:37:30","2018-04-30 01:50:09","2018-04-30 14:12:00","2018-05-07 18:08:53","2018-05-22 00:00:00","2018-04-30 01:37:30","2018-04-30 14:12:00","2018-05-07 18:08:53","2018-05-22 00:00:00",7,2018,4,2,1,0
fb9a9bc9654c16364f348fb2309b1214,"23e96758fd640560e9b1fbcda90abfc4",delivered,"2018-04-02 08:54:48","2018-04-02 09:09:07","2018-04-11 22:08:39","2018-04-20 21:42:29","2018-04-19 00:00:00","2018-04-02 08:54:48","2018-04-11 22:08:39","2018-04-20 21:42:29","2018-04-19 00:00:00",18,2018,4,2,1,1
cf50fec98e2167d836c09c0ed57ba841,"369708cabd9831ea6fde670a3b602a92",delivered,"2017-08-27 15:05:33","2017-08-27 15:24:23","2017-08-28 20:22:13","2017-08-29 15:56:57","2017-09-08 00:00:00","2017-08-27 15:05:33","2017-08-28 20:22:13","2017-08-29 15:56:57","2017-09-08 00:00:00",2,2017,8,3,1,0
"1d748fa1652f04b064b6cf65739b04dc","5f8b4882b5a4ec7bf6d2107e6cd0cf29",delivered,"2017-12-05 12:56:13","2017-12-06 02:35:38","2017-12-12 19:51:56","2018-01-09 12:20:41","2017-12-29 00:00:00","2017-12-05 12:56:13","2017-12-12 19:51:56","2018-01-09 12:20:41","2017-12-29 00:00:00",35,2017,12,4,1,1
"38289de96763d9d81470f67583f4b2f0",ad6891a1937cb8723a2c08ba1ae59873,delivered,"2018-08-22 11:49:11","2018-08-23 02:44:21","2018-08-23 12:39:00","2018-08-29 19:48:37","2018-08-27 00:00:00","2018-08-22 11:49:11","2018-08-23 12:39:00","2018-08-29 19:48:37","2018-08-27 00:00:00",7,2018,8,3,1,1
"4c33ec562d9dc5655e160913aa86eb53",ae76a4650235ab18764708174f1da31e,shipped,"2017-08-11 23:47:48","2017-08-12 00:03:51","2017-08-14 13:24:58","","2017-09-11 00:00:00","2017-08-11 23:47:48","2017-08-14 13:24:58",,"2017-09-11 00:00:00",,2017,8,3,0,0
"7fc809c604a87ada4f484b5c0d0f2abc",a1b9e0e44dbb043645cd14b00849a705,delivered,"2017-12-27 12:10:16","2017-12-27 12:18:23","2017-12-28 19:39:22","2018-01-03 17:53:24","2018-01-24 00:00:00","2017-12-27 12:10:16","2017-12-28 19:39:22","2018-01-03 17:53:24","2018-01-24 00:00:00",7,2017,12,4,1,0
"9f50c2639dfe5494951bc9d4d1a3ff87","443b534d0d27a8aa9a184d4869bcbe7a",delivered,"2017-12-15 09:23:57","2017-12-15 09:34:24","2017-12-20 01:04:17","2018-01-08 18:29:07","2018-01-17 00:00:00","2017-12-15 09:23:57","2017-12-20 01:04:17","2018-01-08 18:29:07","2018-01-17 00:00:00",24,2017,12,4,1,0
af3fae91bafed6357991c4a3be0125d4,"126cf4e9fd189d2d64bc9b112fd6a5e8",delivered,"2017-03-28 11:16:48","2017-03-28 11:30:17","2017-03-30 11:22:43","2017-05-17 15:41:52","2017-05-03 00:00:00","2017-03-28 11:16:48","2017-03-30 11:22:43","2017-05-17 15:41:52","2017-05-03 00:00:00",50,2017,3,1,1,1
"3e64ee45a339ce09c4e27564b45ba09e","530220145a68ef57f0cc54faf1061f8c",delivered,"2017-08-07 20:11:56","2017-08-09 02:50:33","2017-08-09 19:46:00","2017-08-15 17:42:30","2017-08-25 00:00:00","2017-08-07 20:11:56","2017-08-09 19:46:00","2017-08-15 17:42:30","2017-08-25 00:00:00",8,2017,8,3,1,0
"0cde8327c49577c3c0fed91e084daef5","4cc465bb8ccb079ba561852ffa794668",delivered,"2018-03-27 19:07:09","2018-03-27 19:15:17","2018-04-03 23:05:16","2018-04-07 15:28:33","2018-04-09 00:00:00","2018-03-27 19:07:09","2018-04-03 23:05:16","2018-04-07 15:28:33","2018-04-09 00:00:00",11,2018,3,1,1,0
"4f586e2756d31db4f5d770d170dd51ae","9b7822c67a91b431e9254007b587214d",delivered,"2018-05-01 20:45:44","2018-05-01 21:12:28","2018-05-03 15:05:00","2018-05-11 11:42:03","2018-05-29 00:00:00","2018-05-01 20:45:44","2018-05-03 15:05:00","2018-05-11 11:42:03","2018-05-29 00:00:00",10,2018,5,2,1,0
d152d9b39cef5941978b389e5ffee780,"1f6ba909178c5b0e523cabcadb617a4c",delivered,"2018-06-30 21:02:21","2018-06-30 21:15:12","2018-07-03 19:41:00","2018-07-04 14:41:40","2018-07-16 00:00:00","2018-06-30 21:02:21","2018-07-03 19:41:00","2018-07-04 14:41:40","2018-07-16 00:00:00",4,2018,6,2,1,0
dfc9bc36d5db98182f4b1dc41fe8e258,"39c9dc82d5f60eb1ee8bc4fe4aa29dc6",delivered,"2017-09-21 13:22:26","2017-09-21 13:35:21","2017-09-22 16:23:59","2017-09-25 22:53:41","2017-10-06 00:00:00","2017-09-21 13:22:26","2017-09-22 16:23:59","2017-09-25 22:53:41","2017-10-06 00:00:00",4,2017,9,3,1,0
f07b0af882cdeef616def36fd78fbb23,"560829a36d563e8395cc073071a02bfd",delivered,"2017-07-16 19:20:47","2017-07-16 19:30:17","2017-07-18 19:47:50","2017-07-24 17:44:47","2017-08-08 00:00:00","2017-07-16 19:20:47","2017-07-18 19:47:50","2017-07-24 17:44:47","2017-08-08 00:00:00",8,2017,7,3,1,0
"176ab7788ed5343b09c9c5442f613614",b80adce6a72fc096b80a540312a24a95,delivered,"2017-05-29 23:18:24","2017-05-29 23:30:17","2017-05-31 08:29:46","2017-06-19 20:09:36","2017-07-03 00:00:00","2017-05-29 23:18:24","2017-05-31 08:29:46","2017-06-19 20:09:36","2017-07-03 00:00:00",21,2017,5,2,1,0
"42a5f0ddbf1e377e7d31ef5957b62c0a",eb67e9bd3357fbacdbef99759f919573,delivered,"2017-02-06 16:49:19","2017-02-06 17:02:40","2017-02-09 10:53:47","2017-02-11 12:38:56","2017-03-01 00:00:00","2017-02-06 16:49:19","2017-02-09 10:53:47","2017-02-11 12:38:56","2017-03-01 00:00:00",5,2017,2,1,1,0
eb7ac481803eb5bc5b7cfe431a03d39a,"70a8cfb1730fd53e5c15f2a62e1e5448",delivered,"2017-09-13 21:41:43","2017-09-13 21:55:11","2017-09-14 16:54:04","2017-09-15 19:36:35","2017-09-25 00:00:00","2017-09-13 21:41:43","2017-09-14 16:54:04","2017-09-15 19:36:35","2017-09-25 00:00:00",2,2017,9,3,1,0
ff536d93ae4214b4d51c2894ccfc569f,"8891eb5ca0e28df961b2b5b8f3c0eb23",shipped,"2017-12-21 09:01:00","2017-12-22 12:33:26","2018-01-03 18:22:09","","2018-01-10 00:00:00","2017-12-21 09:01:00","2018-01-03 18:22:09",,"2018-01-10 00:00:00",,2017,12,4,0,0
ad87776df87aa84719c1be3456cbbf4d,eb03682e1118b3af176b229932bfa8be,delivered,"2018-02-26 23:20:11","2018-02-27 00:00:26","2018-02-28 15:04:13","2018-03-08 21:26:33","2018-03-28 00:00:00","2018-02-26 23:20:11","2018-02-28 15:04:13","2018-03-08 21:26:33","2018-03-28 00:00:00",10,2018,2,1,1,0
"2b9f86a52457f652ac6b282b5dde09b2",db781c2a257ae6fb647104d94c9af367,delivered,"2018-06-03 14:50:19","2018-06-04 14:51:09","2018-06-05 09:43:00","2018-06-07 23:27:24","2018-07-05 00:00:00","2018-06-03 14:50:19","2018-06-05 09:43:00","2018-06-07 23:27:24","2018-07-05 00:00:00",4,2018,6,2,1,0
e99f27b73c1fb9070310e00d081d3c96,fe6d73ac006153a398439253006e5adc,delivered,"2018-04-17 09:48:44","2018-04-17 10:55:32","2018-04-17 22:58:25","2018-04-25 22:16:46","2018-05-08 00:00:00","2018-04-17 09:48:44","2018-04-17 22:58:25","2018-04-25 22:16:46","2018-05-08 00:00:00",8,2018,4,2,1,0
"7c7b5f633170511dbd889d3c4b2794bc",aa0fbd830c89acc3d79d311ff43d0920,delivered,"2017-08-11 21:40:37","2017-08-11 22:05:19","2017-08-15 19:52:08","2017-08-21 20:55:04","2017-09-06 00:00:00","2017-08-11 21:40:37","2017-08-15 19:52:08","2017-08-21 20:55:04","2017-09-06 00:00:00",10,2017,8,3,1,0
c5931c69b3085bba2cdb9c348ec86719,af9d76931724cedc3b32de0c5aabcc8a,delivered,"2017-05-21 15:46:48","2017-05-22 15:55:22","2017-05-23 08:50:16","2017-05-29 11:42:19","2017-06-13 00:00:00","2017-05-21 15:46:48","2017-05-23 08:50:16","2017-05-29 11:42:19","2017-06-13 00:00:00",8,2017,5,2,1,0
"56b50d57e6b735968a48a170b8364893",b0964d76975dbc174b623b5a300973d5,delivered,"2017-02-08 16:06:47","2017-02-09 02:55:45","2017-02-09 10:52:15","2017-02-21 17:08:42","2017-03-09 00:00:00","2017-02-08 16:06:47","2017-02-09 10:52:15","2017-02-21 17:08:42","2017-03-09 00:00:00",13,2017,2,1,1,0
"9170795672365189693d65667780f9ed",bf60fa574e188373d3cb331d04aeb4f1,delivered,"2018-05-30 16:13:47","2018-05-30 16:31:00","2018-06-04 14:24:00","2018-06-05 20:17:31","2018-06-25 00:00:00","2018-05-30 16:13:47","2018-06-04 14:24:00","2018-06-05 20:17:31","2018-06-25 00:00:00",6,2018,5,2,1,0
fc24b77521e400e8290a902026efcc85,"66cc929741c3d1d277e05b4540bf9a8c",delivered,"2017-08-01 15:14:40","2017-08-01 15:35:30","2017-08-04 19:49:40","2017-08-07 21:15:05","2017-08-23 00:00:00","2017-08-01 15:14:40","2017-08-04 19:49:40","2017-08-07 21:15:05","2017-08-23 00:00:00",6,2017,8,3,1,0
"08b74b3a8bd41e7de2ac99b200eec62d",e32daa14dfa90eff675034dc7d462cf3,delivered,"2018-05-09 13:48:11","2018-05-09 14:15:01","2018-05-10 13:29:00","2018-06-09 16:03:26","2018-05-28 00:00:00","2018-05-09 13:48:11","2018-05-10 13:29:00","2018-06-09 16:03:26","2018-05-28 00:00:00",31,2018,5,2,1,1
"5b7c6dbea3e21dc6314451ed73907c0c","23ff88906d6e5bfbb904867f888b3658",delivered,"2018-06-11 20:09:45","2018-06-12 04:57:28","2018-06-14 12:42:00","2018-06-20 22:38:32","2018-07-11 00:00:00","2018-06-11 20:09:45","2018-06-14 12:42:00","2018-06-20 22:38:32","2018-07-11 00:00:00",9,2018,6,2,1,0
"1be187af7e77d6ee0671be02c229b679","8d1b923f85a34afac5bd669d50417602",delivered,"2018-05-30 10:12:07","2018-05-30 10:30:18","2018-06-01 12:54:00","2018-06-14 20:46:56","2018-07-12 00:00:00","2018-05-30 10:12:07","2018-06-01 12:54:00","2018-06-14 20:46:56","2018-07-12 00:00:00",15,2018,5,2,1,0
c65d58d799052b1354bb0a7063b29621,"7897c2b0a7cb0636ec2d75020c14c1a5",delivered,"2018-06-01 10:24:52","2018-06-02 03:35:15","2018-06-05 08:53:00","2018-06-18 09:33:52","2018-07-16 00:00:00","2018-06-01 10:24:52","2018-06-05 08:53:00","2018-06-18 09:33:52","2018-07-16 00:00:00",17,2018,6,2,1,0
a8c3124b7f912401d702018ae0c02b05,"3ccb27f9c7ee205656acef98c19fc061",delivered,"2018-04-16 20:46:53","2018-04-16 23:12:05","2018-05-08 14:04:00","2018-05-16 00:22:05","2018-05-22 00:00:00","2018-04-16 20:46:53","2018-05-08 14:04:00","2018-05-16 00:22:05","2018-05-22 00:00:00",30,2018,4,2,1,0
"9d107f7c71a717cfcccc479c9e300302",ab23bc8d29aaf7a3978d8e819817575b,delivered,"2018-05-27 18:27:52","2018-05-27 18:54:59","2018-05-28 09:29:00","2018-06-06 14:38:29","2018-06-28 00:00:00","2018-05-27 18:27:52","2018-05-28 09:29:00","2018-06-06 14:38:29","2018-06-28 00:00:00",10,2018,5,2,1,0
"89e954a7919e964597b60e9f016df7fd",c82a5e4fafdbeb34f08928ccfba27d14,delivered,"2017-05-15 23:34:21","2017-05-16 19:15:11","2017-05-18 11:37:59","2017-05-25 12:39:52","2017-06-08 00:00:00","2017-05-15 23:34:21","2017-05-18 11:37:59","2017-05-25 12:39:52","2017-06-08 00:00:00",10,2017,5,2,1,0
c8f50df8a3e4fc40685c137dd2253eac,"7e468d618e16c6e1373fb2c4a522c969",delivered,"2017-02-13 07:34:18","2017-02-13 07:45:15","2017-02-13 11:11:01","2017-02-25 08:37:56","2017-03-16 00:00:00","2017-02-13 07:34:18","2017-02-13 11:11:01","2017-02-25 08:37:56","2017-03-16 00:00:00",12,2017,2,1,1,0
a1f5afc5fe7a4ee4bef93aab1e95772f,dc53883e94804c81b4afdf2c23478d97,delivered,"2017-05-06 11:09:15","2017-05-11 23:31:25","2017-05-09 08:48:36","2017-05-16 08:05:15","2017-05-29 00:00:00","2017-05-06 11:09:15","2017-05-09 08:48:36","2017-05-16 08:05:15","2017-05-29 00:00:00",10,2017,5,2,1,0
"4550a99f6056026fc76c5030f0f45fe6","53b6d45cb9684a4b93e0ba2030222456",delivered,"2017-06-24 13:10:07","2017-06-24 13:23:15","2017-06-26 14:52:14","2017-08-16 15:36:05","2017-07-18 00:00:00","2017-06-24 13:10:07","2017-06-26 14:52:14","2017-08-16 15:36:05","2017-07-18 00:00:00",53,2017,6,2,1,1
"0be5691eb4c245d190a1e194494f754d",f7c5afab273b47ab517e096e0219b932,delivered,"2017-09-05 15:32:33","2017-09-05 15:50:35","2017-09-06 19:37:44","2017-09-11 22:19:57","2017-09-28 00:00:00","2017-09-05 15:32:33","2017-09-06 19:37:44","2017-09-11 22:19:57","2017-09-28 00:00:00",6,2017,9,3,1,0
e9376d90b28f9cdea83d4d850e4bb1a7,faafae37ddb3e4af81c10a397bcca35f,invoiced,"2017-09-01 15:02:24","2017-09-01 15:15:30","","","2017-09-15 00:00:00","2017-09-01 15:02:24",,,"2017-09-15 00:00:00",,2017,9,3,0,0
"200331f78002771b79409a9cf7962dfa",acca74d2a60c03b46a5256c02cef9244,delivered,"2017-08-22 12:49:28","2017-08-22 13:07:26","2017-08-31 13:55:04","2017-09-05 18:40:50","2017-09-18 00:00:00","2017-08-22 12:49:28","2017-08-31 13:55:04","2017-09-05 18:40:50","2017-09-18 00:00:00",14,2017,8,3,1,0
"30eb73d30073a32e71dd71315e9660c9",cb96e80748675729d4d3857321cacb26,delivered,"2017-12-09 02:25:26","2017-12-09 02:49:57","2017-12-14 19:33:15","2017-12-28 21:17:24","2018-01-11 00:00:00","2017-12-09 02:25:26","2017-12-14 19:33:15","2017-12-28 21:17:24","2018-01-11 00:00:00",19,2017,12,4,1,0
"227d9fcfc9f51432d5ad2898364eafff","05323a24770d4897bba59aab79f6d7b0",delivered,"2017-08-27 23:00:33","2017-08-27 23:10:14","2017-08-31 17:53:41","2017-09-14 21:13:47","2017-09-26 00:00:00","2017-08-27 23:00:33","2017-08-31 17:53:41","2017-09-14 21:13:47","2017-09-26 00:00:00",18,2017,8,3,1,0
c05959bbcc139450377c258a39f80602,e255bea28fdeb105b85a23947349cca5,delivered,"2017-11-28 08:43:12","2017-11-30 02:25:23","2017-12-01 16:29:08","2018-01-10 00:16:46","2017-12-28 00:00:00","2017-11-28 08:43:12","2017-12-01 16:29:08","2018-01-10 00:16:46","2017-12-28 00:00:00",43,2017,11,4,1,1
e007ef2d77cc1e7082050959c1cdce54,"8b47e5ba29a9cd9947ee6be2f025ed66",delivered,"2018-02-08 22:33:03","2018-02-09 22:08:28","2018-02-15 02:12:53","2018-02-28 00:18:06","2018-03-08 00:00:00","2018-02-08 22:33:03","2018-02-15 02:12:53","2018-02-28 00:18:06","2018-03-08 00:00:00",20,2018,2,1,1,0
b2f9c5f1cd2900a3d140068d35509ff5,c67de3b27c091f07a35cd57362cf225e,delivered,"2017-09-27 14:59:05","2017-09-27 15:07:24","2017-09-28 18:02:59","2017-09-29 18:23:41","2017-10-17 00:00:00","2017-09-27 14:59:05","2017-09-28 18:02:59","2017-09-29 18:23:41","2017-10-17 00:00:00",2,2017,9,3,1,0
"6f6938612fdf53d7b863eec877c1fbfe",f0bbb754a5855f669094d5049c09c548,delivered,"2018-04-10 18:27:06","2018-04-10 18:35:14","2018-04-11 20:50:30","2018-04-17 18:06:46","2018-05-10 00:00:00","2018-04-10 18:27:06","2018-04-11 20:50:30","2018-04-17 18:06:46","2018-05-10 00:00:00",7,2018,4,2,1,0
"8f1cfc5cfd60e1141412987f215c8a01","0fd53cbc9dc85be3e9d7c6e74bc957a5",delivered,"2018-04-12 20:49:51","2018-04-13 13:14:57","2018-04-13 22:38:51","2018-04-18 19:14:27","2018-04-30 00:00:00","2018-04-12 20:49:51","2018-04-13 22:38:51","2018-04-18 19:14:27","2018-04-30 00:00:00",6,2018,4,2,1,0
"820152b6c457a82037e534fa94953a56",d387341bbce5ab96e3647bb0e8d0b55a,delivered,"2017-08-01 10:40:04","2017-08-01 10:50:14","2017-08-03 18:14:43","2017-08-04 20:21:38","2017-08-14 00:00:00","2017-08-01 10:40:04","2017-08-03 18:14:43","2017-08-04 20:21:38","2017-08-14 00:00:00",3,2017,8,3,1,0
"8fd68b02e8630a663b13e18acec60712",f46e1689a2c6031af912a19a489a6329,delivered,"2018-08-10 09:17:38","2018-08-11 02:55:15","2018-08-13 16:02:00","2018-08-22 13:22:42","2018-08-23 00:00:00","2018-08-10 09:17:38","2018-08-13 16:02:00","2018-08-22 13:22:42","2018-08-23 00:00:00",12,2018,8,3,1,0
"5860cc6e7b232e3c597af193d7760d1a",d6ea00d4a2dca6a01c708931b325a9e5,delivered,"2017-02-13 10:20:42","2017-02-14 03:45:17","2017-02-17 10:46:21","2017-02-23 11:11:58","2017-04-03 00:00:00","2017-02-13 10:20:42","2017-02-17 10:46:21","2017-02-23 11:11:58","2017-04-03 00:00:00",10,2017,2,1,1,0
"04211073930bd30b88b8170431a071ed","2f79ca5a979f66eb36747f4b354be942",delivered,"2017-05-23 08:19:35","2017-05-25 02:55:16","2017-05-25 09:31:02","2017-06-02 15:54:50","2017-06-14 00:00:00","2017-05-23 08:19:35","2017-05-25 09:31:02","2017-06-02 15:54:50","2017-06-14 00:00:00",10,2017,5,2,1,0
b94f8c4cf21758ae29b895f3edc412d6,a6c49eaa9ed575df1a3476b20668ab3b,delivered,"2018-01-02 16:06:06","2018-01-04 05:12:18","2018-01-08 11:53:10","2018-01-18 17:07:01","2018-01-30 00:00:00","2018-01-02 16:06:06","2018-01-08 11:53:10","2018-01-18 17:07:01","2018-01-30 00:00:00",16,2018,1,1,1,0
ac1a1d01dcd4350d31887f6eab3f63d5,"2f97782bbc64b71cba9e79d12757479b",delivered,"2018-08-23 21:43:41","2018-08-23 21:55:16","2018-08-27 14:54:00","2018-08-30 21:05:56","2018-08-31 00:00:00","2018-08-23 21:43:41","2018-08-27 14:54:00","2018-08-30 21:05:56","2018-08-31 00:00:00",7,2018,8,3,1,0
"3dfed5df223cdf779934a6ee871638b8","8e13b94866f3b17a0b57139b90df1a4e",delivered,"2018-02-20 09:34:24","2018-02-21 06:20:11","2018-02-21 20:12:12","2018-02-28 21:42:30","2018-03-21 00:00:00","2018-02-20 09:34:24","2018-02-21 20:12:12","2018-02-28 21:42:30","2018-03-21 00:00:00",8,2018,2,1,1,0
c1f9d94c449d29a907aaf5963c2fc4f1,f4b8696f625adaeef763cc9cd712c921,delivered,"2018-05-08 16:59:38","2018-05-08 17:33:28","2018-05-10 16:17:00","2018-05-21 22:06:31","2018-06-05 00:00:00","2018-05-08 16:59:38","2018-05-10 16:17:00","2018-05-21 22:06:31","2018-06-05 00:00:00",13,2018,5,2,1,0
e75a94d6e8bdba1aa2a9946c3837a636,dc0a596a36f033e89eeecbbbaa5603e9,delivered,"2017-09-01 10:26:06","2017-09-01 10:35:15","2017-09-01 19:12:29","2017-09-08 19:07:34","2017-09-21 00:00:00","2017-09-01 10:26:06","2017-09-01 19:12:29","2017-09-08 19:07:34","2017-09-21 00:00:00",7,2017,9,3,1,0
"8ae61eab795bd8831fe171750551feb1","154e666b681104319714a99a3ab71e44",delivered,"2018-07-31 00:17:40","2018-07-31 00:44:23","2018-07-31 15:54:00","2018-08-03 16:38:46","2018-08-20 00:00:00","2018-07-31 00:17:40","2018-07-31 15:54:00","2018-08-03 16:38:46","2018-08-20 00:00:00",3,2018,7,3,1,0
a70e2a7c5779986b66893322855c4932,"08ef50ea1923ce347f194bbc8d8e40e9",delivered,"2018-08-02 18:50:07","2018-08-04 04:05:14","2018-08-06 17:57:00","2018-08-07 16:42:58","2018-08-09 00:00:00","2018-08-02 18:50:07","2018-08-06 17:57:00","2018-08-07 16:42:58","2018-08-09 00:00:00",5,2018,8,3,1,0
"4d0a364f71f715f93b8b96eaa4c2dcb6",caa060324a30054bae148e4d7ad1da22,delivered,"2017-07-07 17:56:19","2017-07-07 18:10:10","2017-07-12 10:16:36","2017-07-17 20:32:58","2017-08-04 00:00:00","2017-07-07 17:56:19","2017-07-12 10:16:36","2017-07-17 20:32:58","2017-08-04 00:00:00",10,2017,7,3,1,0
f72289715f4416fb6e9a289031977b6d,"7f2357cfd99c900565e6ffd6d2708d9d",delivered,"2017-11-24 22:57:06","2017-11-25 01:57:33","2017-11-30 22:32:03","2017-12-08 21:29:11","2017-12-19 00:00:00","2017-11-24 22:57:06","2017-11-30 22:32:03","2017-12-08 21:29:11","2017-12-19 00:00:00",14,2017,11,4,1,0
ffe2b9e50ccbd9695f42c906f6d9010c,d8eaef18d54f26637bdd57fb1254bbb6,delivered,"2018-03-16 12:02:38","2018-03-16 12:15:33","2018-03-19 12:47:54","2018-03-23 19:52:04","2018-04-10 00:00:00","2018-03-16 12:02:38","2018-03-19 12:47:54","2018-03-23 19:52:04","2018-04-10 00:00:00",7,2018,3,1,1,0
c5dc3239938cdd5fbaa0dae29b966d2c,eb66863a17ee48ce53653ee4afd4af21,delivered,"2018-07-01 11:35:55","2018-07-01 12:09:26","2018-07-03 11:18:00","2018-07-11 20:22:03","2018-08-07 00:00:00","2018-07-01 11:35:55","2018-07-03 11:18:00","2018-07-11 20:22:03","2018-08-07 00:00:00",10,2018,7,3,1,0
f11b36b3bc7bacf06deef862ed611f02,ae8db0691449a44352e7d535ddf78c5e,delivered,"2018-05-15 09:10:20","2018-05-16 03:14:50","2018-05-16 15:47:00","2018-05-22 20:37:31","2018-05-30 00:00:00","2018-05-15 09:10:20","2018-05-16 15:47:00","2018-05-22 20:37:31","2018-05-30 00:00:00",7,2018,5,2,1,0
"4ade81c98608cbcec03c4c345efaed72","8df178ced93d8d488dfceefc8f619d9a",delivered,"2018-01-13 11:40:00","2018-01-16 03:50:25","2018-01-19 15:42:02","2018-01-24 21:05:52","2018-02-05 00:00:00","2018-01-13 11:40:00","2018-01-19 15:42:02","2018-01-24 21:05:52","2018-02-05 00:00:00",11,2018,1,1,1,0
f51e3c7f79d1e2c076acbb6af1588b95,"3469ebe2f9aa5e08f1a85ecf20b549e0",delivered,"2017-03-10 20:04:32","2017-03-10 20:04:32","2017-03-15 13:27:52","2017-03-17 15:28:13","2017-03-29 00:00:00","2017-03-10 20:04:32","2017-03-15 13:27:52","2017-03-17 15:28:13","2017-03-29 00:00:00",7,2017,3,1,1,0
"18b18d43870f6e620f6852fd33b12117","666bc6ad016f3a24ccc0d0bcd878f8ee",delivered,"2018-01-29 19:38:47","2018-01-30 05:31:30","2018-02-02 19:28:29","2018-02-14 19:03:59","2018-03-06 00:00:00","2018-01-29 19:38:47","2018-02-02 19:28:29","2018-02-14 19:03:59","2018-03-06 00:00:00",16,2018,1,1,1,0
"507ade1b30ebcd50657684efabcd135f",f20afd4cc727293b97398aa1c665e9cc,delivered,"2017-11-09 10:09:01","2017-11-09 10:26:52","2017-11-10 18:46:47","2017-11-13 15:59:18","2017-12-01 00:00:00","2017-11-09 10:09:01","2017-11-10 18:46:47","2017-11-13 15:59:18","2017-12-01 00:00:00",4,2017,11,4,1,0
e11dead0c183b7b8da09f6b3039ea730,e559ddc91d9410c38d576e423ffbb67b,delivered,"2017-02-09 10:40:05","2017-02-09 10:55:14","2017-02-10 11:09:01","2017-02-14 13:08:44","2017-03-10 00:00:00","2017-02-09 10:40:05","2017-02-10 11:09:01","2017-02-14 13:08:44","2017-03-10 00:00:00",5,2017,2,1,1,0
db7374d1f9c8965e0fbbc1fd1cc916fe,cfde53fd036308dba103823ba561b885,delivered,"2018-08-14 17:38:24","2018-08-15 03:15:16","2018-08-16 11:54:00","2018-08-21 17:08:32","2018-09-14 00:00:00","2018-08-14 17:38:24","2018-08-16 11:54:00","2018-08-21 17:08:32","2018-09-14 00:00:00",7,2018,8,3,1,0
"4456598910b67f78e196b09a39a53c50","23e22609b3a5ccd8fcf8cd0cf8a28f7f",delivered,"2018-04-27 10:46:12","2018-04-27 11:11:22","2018-04-30 14:33:00","2018-05-08 17:08:49","2018-05-24 00:00:00","2018-04-27 10:46:12","2018-04-30 14:33:00","2018-05-08 17:08:49","2018-05-24 00:00:00",11,2018,4,2,1,0
"7d265b674601988f57e127c10abba93a","0f3c6edd9f58c263db53fdb1783a249d",delivered,"2018-03-27 09:06:00","2018-03-27 09:15:24","2018-03-28 19:36:41","2018-04-06 01:50:38","2018-04-17 00:00:00","2018-03-27 09:06:00","2018-03-28 19:36:41","2018-04-06 01:50:38","2018-04-17 00:00:00",10,2018,3,1,1,0
"5825f62edda362144cd0c349124fa927","69572b6a8713a15e9f1fa80b1620daf4",delivered,"2018-05-09 21:14:39","2018-05-09 21:34:11","2018-05-23 14:20:00","2018-06-03 18:11:59","2018-05-29 00:00:00","2018-05-09 21:14:39","2018-05-23 14:20:00","2018-06-03 18:11:59","2018-05-29 00:00:00",25,2018,5,2,1,1
"784b0448b2075a95afcf2a55310b7238","4d5110d0a2b5239cb983610da1d18774",delivered,"2018-05-16 20:57:48","2018-05-18 01:35:22","2018-05-18 12:06:00","2018-06-01 20:14:44","2018-05-24 00:00:00","2018-05-16 20:57:48","2018-05-18 12:06:00","2018-06-01 20:14:44","2018-05-24 00:00:00",16,2018,5,2,1,1
"5db62a99be52172b589440403f644aa9","5195c80d2034a6123f3866574cfffde8",delivered,"2017-09-16 21:41:43","2017-09-16 21:55:16","2017-09-18 20:32:02","2017-09-26 15:35:48","2017-10-06 00:00:00","2017-09-16 21:41:43","2017-09-18 20:32:02","2017-09-26 15:35:48","2017-10-06 00:00:00",10,2017,9,3,1,0
"0bb96548fdaf9fb98f6a72c4936a54d1",bd30c8ec7f7139af7195e1f7f031e131,delivered,"2017-07-15 20:31:41","2017-07-18 05:55:30","2017-07-24 19:18:39","2017-08-03 20:12:41","2017-08-08 00:00:00","2017-07-15 20:31:41","2017-07-24 19:18:39","2017-08-03 20:12:41","2017-08-08 00:00:00",19,2017,7,3,1,0
ee6a6563831f675482a3a816f1bef6e3,"9712f52bb03dbf1e5f778230d13d96cc",delivered,"2017-11-11 11:32:53","2017-11-13 17:15:54","2017-11-16 23:24:32","2017-11-22 22:42:07","2017-12-01 00:00:00","2017-11-11 11:32:53","2017-11-16 23:24:32","2017-11-22 22:42:07","2017-12-01 00:00:00",11,2017,11,4,1,0
"7e5755dcda787dcc7269f1698d6372b7","21fb2ebc5077f72af04e6ead0763eba5",delivered,"2017-08-08 09:53:50","2017-08-08 10:10:15","2017-08-09 19:29:41","2017-08-16 15:45:19","2017-08-30 00:00:00","2017-08-08 09:53:50","2017-08-09 19:29:41","2017-08-16 15:45:19","2017-08-30 00:00:00",8,2017,8,3,1,0
"7a14d9bbf5aed76152f4739c23cd7970",b47973c8ea3acd5c549120a28d31f62c,delivered,"2018-06-07 11:31:23","2018-06-07 11:58:30","2018-06-13 07:05:00","2018-06-15 21:41:20","2018-06-18 00:00:00","2018-06-07 11:31:23","2018-06-13 07:05:00","2018-06-15 21:41:20","2018-06-18 00:00:00",8,2018,6,2,1,0
"96304a015b3d99852d4e0e709a0adacb","80b5a39f1962bdc67b8ac0a96936a7b6",delivered,"2018-05-16 15:01:37","2018-05-16 15:19:33","2018-05-18 08:03:00","2018-06-05 15:32:59","2018-06-05 00:00:00","2018-05-16 15:01:37","2018-05-18 08:03:00","2018-06-05 15:32:59","2018-06-05 00:00:00",20,2018,5,2,1,1
"680c9251875caf7afd565340a52e89f7",c4c3372671aab4ba29e3e410ed8fc5e3,delivered,"2018-04-20 13:33:18","2018-04-24 18:38:48","2018-04-25 08:54:00","2018-04-27 23:21:07","2018-05-21 00:00:00","2018-04-20 13:33:18","2018-04-25 08:54:00","2018-04-27 23:21:07","2018-05-21 00:00:00",7,2018,4,2,1,0
e911951b98ae5dba91085dd2bfc69ccb,"0981cb5376215f2570ccacd95d6ef3f6",delivered,"2017-05-22 16:11:48","2017-05-24 03:10:11","2017-05-24 10:34:19","2017-05-25 19:04:50","2017-06-05 00:00:00","2017-05-22 16:11:48","2017-05-24 10:34:19","2017-05-25 19:04:50","2017-06-05 00:00:00",3,2017,5,2,1,0
"28102fcf855de00539e3b6ab0920648b","89056b2877a2be69b4e9c9d7ebc3ae5d",delivered,"2018-06-09 12:42:51","2018-06-09 12:58:57","2018-06-11 16:17:00","2018-06-27 15:33:37","2018-07-11 00:00:00","2018-06-09 12:42:51","2018-06-11 16:17:00","2018-06-27 15:33:37","2018-07-11 00:00:00",18,2018,6,2,1,0
"3d44f7b0d44056fcb488f7d2fd22e820","9d46b89032f34a48706407829dbb55b5",delivered,"2018-01-06 10:44:19","2018-01-06 10:57:22","2018-01-08 16:08:23","2018-01-19 22:23:08","2018-02-07 00:00:00","2018-01-06 10:44:19","2018-01-08 16:08:23","2018-01-19 22:23:08","2018-02-07 00:00:00",13,2018,1,1,1,0
ca4ced509eae117b7d3823b4ce2467dd,"9e0628923d9fe029c079eb11ae72d241",delivered,"2018-08-04 14:57:00","2018-08-07 04:15:26","2018-08-10 13:29:00","2018-08-15 22:18:37","2018-08-23 00:00:00","2018-08-04 14:57:00","2018-08-10 13:29:00","2018-08-15 22:18:37","2018-08-23 00:00:00",11,2018,8,3,1,0
"41b5ca83bef6301acf0208d83596fade",a1d79dad5150f0021ad8bc433364aa4f,delivered,"2018-04-08 09:41:45","2018-04-08 09:55:13","2018-04-10 20:07:26","2018-05-03 20:15:43","2018-05-09 00:00:00","2018-04-08 09:41:45","2018-04-10 20:07:26","2018-05-03 20:15:43","2018-05-09 00:00:00",25,2018,4,2,1,0
ccc8c385093e913c7bab11ff2a5d6cb3,"0ca483f116807018eaa073ff9ad84246",delivered,"2018-06-01 18:58:43","2018-06-01 19:12:59","2018-06-04 15:27:00","2018-06-11 20:26:20","2018-07-17 00:00:00","2018-06-01 18:58:43","2018-06-04 15:27:00","2018-06-11 20:26:20","2018-07-17 00:00:00",10,2018,6,2,1,0
"43e377b8eb0c36efdec49438986066b3","277046fb06e3f5185b0f4a816b811286",delivered,"2018-03-12 23:16:34","2018-03-14 14:28:54","2018-03-14 23:11:06","2018-03-17 00:07:40","2018-03-22 00:00:00","2018-03-12 23:16:34","2018-03-14 23:11:06","2018-03-17 00:07:40","2018-03-22 00:00:00",5,2018,3,1,1,0
ab4354630db26a599455989a1091e50f,"019200fa574c9eda0fbc82c71fcc8fbe",delivered,"2018-07-24 23:09:26","2018-07-24 23:24:21","2018-07-25 14:14:00","2018-07-28 19:11:47","2018-08-14 00:00:00","2018-07-24 23:09:26","2018-07-25 14:14:00","2018-07-28 19:11:47","2018-08-14 00:00:00",4,2018,7,3,1,0
"49fa096844c2241fc5db183cc11bd550","668719742fade470e60fa657269c7784",delivered,"2018-02-15 17:24:18","2018-02-15 17:35:27","2018-02-17 01:33:29","2018-02-22 13:48:50","2018-02-26 00:00:00","2018-02-15 17:24:18","2018-02-17 01:33:29","2018-02-22 13:48:50","2018-02-26 00:00:00",7,2018,2,1,1,0
"4c7061e57405537a32f8c9dd0a194d68","8541665e9f73b628748b234cf6bb46bd",delivered,"2017-05-30 18:02:17","2017-05-30 18:15:15","2017-05-31 18:27:28","2017-06-05 17:07:57","2017-06-29 00:00:00","2017-05-30 18:02:17","2017-05-31 18:27:28","2017-06-05 17:07:57","2017-06-29 00:00:00",6,2017,5,2,1,0
"727a51d784105f91883012d7a797fcc0","0f2472966982432136bd3dc7098d5bde",delivered,"2018-02-08 11:17:55","2018-02-08 11:50:36","2018-02-16 16:41:37","2018-02-22 13:26:53","2018-03-21 00:00:00","2018-02-08 11:17:55","2018-02-16 16:41:37","2018-02-22 13:26:53","2018-03-21 00:00:00",14,2018,2,1,1,0
"6fa2b34b44af3aa81c0b080d0c133338",b06429ef920fcfdd75713c712c9ee7b7,delivered,"2018-06-04 15:30:50","2018-06-04 15:52:08","2018-06-06 15:26:00","2018-06-07 21:34:00","2018-06-28 00:00:00","2018-06-04 15:30:50","2018-06-06 15:26:00","2018-06-07 21:34:00","2018-06-28 00:00:00",3,2018,6,2,1,0
a30cba7093267abeb0f8489d5c16c7af,"46c6a82294d359a290ff408b11cbb643",delivered,"2017-03-21 09:21:54","2017-03-21 09:21:54","2017-03-21 10:38:43","2017-03-27 13:56:19","2017-04-11 00:00:00","2017-03-21 09:21:54","2017-03-21 10:38:43","2017-03-27 13:56:19","2017-04-11 00:00:00",6,2017,3,1,1,0
"248ecd132184e324749f7a4d42724ef0","4ad4f929392158a3bb76b3ec02a751b2",delivered,"2018-08-17 18:10:22","2018-08-17 18:29:57","2018-08-20 16:15:00","2018-08-24 20:56:42","2018-08-29 00:00:00","2018-08-17 18:10:22","2018-08-20 16:15:00","2018-08-24 20:56:42","2018-08-29 00:00:00",7,2018,8,3,1,0
f525c0ecd4bf2ca6f355b416fdea988d,"332fa01da1b4e11dfbc8df1ed883a467",delivered,"2017-12-12 12:51:06","2017-12-13 02:50:04","2017-12-14 20:46:41","2017-12-16 17:52:07","2017-12-29 00:00:00","2017-12-12 12:51:06","2017-12-14 20:46:41","2017-12-16 17:52:07","2017-12-29 00:00:00",4,2017,12,4,1,0
b64f09a4cf903c5767f9f537158c24ee,"029ca19aa34f9311941ab931975cff1b",delivered,"2017-12-12 17:39:17","2017-12-12 17:51:45","2017-12-13 17:06:38","2018-02-02 16:27:43","2018-01-09 00:00:00","2017-12-12 17:39:17","2017-12-13 17:06:38","2018-02-02 16:27:43","2018-01-09 00:00:00",52,2017,12,4,1,1
f85a3babb8f57542a4493f9c45523501,"2abea2bf3e5611f7a96f8d24f21a7198",delivered,"2018-07-04 11:13:48","2018-07-05 16:33:19","2018-07-04 16:10:00","2018-07-11 15:57:32","2018-07-31 00:00:00","2018-07-04 11:13:48","2018-07-04 16:10:00","2018-07-11 15:57:32","2018-07-31 00:00:00",7,2018,7,3,1,0
"63f5cc3a2a31c01c270d24d397a54274",e4dbb700c76f5706dd58f9b9ef613aed,delivered,"2018-05-29 07:58:56","2018-05-30 07:11:23","2018-05-30 13:12:00","2018-06-05 21:54:42","2018-06-21 00:00:00","2018-05-29 07:58:56","2018-05-30 13:12:00","2018-06-05 21:54:42","2018-06-21 00:00:00",7,2018,5,2,1,0
d67009600392acea26eda59caab5425e,b25c961cb9da931b083a952527eb8956,delivered,"2018-08-06 11:42:28","2018-08-06 11:50:19","2018-08-08 18:06:00","2018-08-09 16:04:41","2018-08-17 00:00:00","2018-08-06 11:42:28","2018-08-08 18:06:00","2018-08-09 16:04:41","2018-08-17 00:00:00",3,2018,8,3,1,0
"3a49b6bd30aef5e2c1097738adee416f","85c300925a8a3da681a6b021551d239c",delivered,"2018-06-03 19:05:44","2018-06-03 19:15:14","2018-06-05 14:33:00","2018-06-06 23:36:48","2018-07-05 00:00:00","2018-06-03 19:05:44","2018-06-05 14:33:00","2018-06-06 23:36:48","2018-07-05 00:00:00",3,2018,6,2,1,0
"0724f5287d69b7a3fbcf9ab02054ca4a","49af8d1256e91058af5b255f4fbc0e6d",delivered,"2017-12-02 13:51:42","2017-12-02 13:59:26","2017-12-06 21:41:52","2018-01-05 23:42:32","2018-01-22 00:00:00","2017-12-02 13:51:42","2017-12-06 21:41:52","2018-01-05 23:42:32","2018-01-22 00:00:00",34,2017,12,4,1,0
f68d2c7cf192e85e39bd08dc995dca5c,"82a5aaed30c2e07b5b0e4cb5dfcc332d",delivered,"2017-03-04 14:55:42","2017-03-04 15:05:14","2017-03-06 13:37:17","2017-03-16 07:07:56","2017-03-29 00:00:00","2017-03-04 14:55:42","2017-03-06 13:37:17","2017-03-16 07:07:56","2017-03-29 00:00:00",12,2017,3,1,1,0
d839ea07a528e914f89702508023da37,eee74b2a9aa0989243d2793c1a90fbf6,delivered,"2017-10-11 14:49:49","2017-10-11 15:08:32","2017-10-13 21:09:03","2017-10-17 21:56:01","2017-11-03 00:00:00","2017-10-11 14:49:49","2017-10-13 21:09:03","2017-10-17 21:56:01","2017-11-03 00:00:00",6,2017,10,4,1,0
b73f09200030e4970b9840b72a630e45,ba12c461af37457048f420e37de2abab,delivered,"2017-01-31 19:07:34","2017-01-31 19:21:36","2017-02-02 14:39:20","2017-02-14 11:12:29","2017-03-09 00:00:00","2017-01-31 19:07:34","2017-02-02 14:39:20","2017-02-14 11:12:29","2017-03-09 00:00:00",14,2017,1,1,1,0
cdf2839409d0f62e2b2e61b62b72dc16,"852947b57caab58c544343592f5e06d2",delivered,"2018-02-14 10:26:22","2018-02-15 04:07:36","2018-02-15 22:08:06","2018-02-26 15:27:06","2018-03-08 00:00:00","2018-02-14 10:26:22","2018-02-15 22:08:06","2018-02-26 15:27:06","2018-03-08 00:00:00",12,2018,2,1,1,0
